id,name,surname,email,phone
100,Verla,Cordi,.@yopmail.com,838-273-7954
101,Tierney,Joeann,.@yopmail.com,158-195-6455
102,Demetris,Beniamino,.@yopmail.com,601-260-9926
103,Catrina,Brady,.@yopmail.com,736-813-3333
104,Queenie,Haldas,.@yopmail.com,765-963-8794
105,Marleah,Eachern,.@yopmail.com,221-925-7526
106,Karlee,Tryck,.@yopmail.com,893-818-9382
107,Arabel,Jethro,.@yopmail.com,444-706-9130
108,Tina,Shama,.@yopmail.com,448-677-4023
109,Cacilie,Sinegold,.@yopmail.com,985-992-8670
110,Mildrid,Juan,.@yopmail.com,502-985-3511
111,Isa,Liva,.@yopmail.com,565-417-2409
112,Hayley,Tamar,.@yopmail.com,889-349-6964
113,Drucie,Weaks,.@yopmail.com,914-519-2610
114,Rori,Juan,.@yopmail.com,229-509-8632